{
    "H01" : {
        "Buffer_Energy_kWh" : 0,
        "Buffer_Power_kW" : 0,
        "Scenarios" : {
            "S1" : {
                "Probability" : 0.333333,
                "Profile_kW" : {
                    "00:00" : 1.00,
                    "01:00" : 0.97,
                    "02:00" : 0.87,
                    "03:00" : 0.71,
                    "04:00" : 0.50,
                    "05:00" : 0.26,
                    "06:00" : 0.00,
                    "07:00" : -0.26,
                    "08:00" : -0.50,
                    "09:00" : -0.71,
                    "10:00" : -0.87,
                    "11:00" : -0.97,
                    "12:00" : -1.00,
                    "13:00" : -0.97,
                    "14:00" : -0.87,
                    "15:00" : -0.71,
                    "16:00" : -0.50,
                    "17:00" : -0.26,
                    "18:00" : 0.00,
                    "19:00" : 0.26,
                    "20:00" : 0.50,
                    "21:00" : 0.71,
                    "22:00" : 0.87,
                    "23:00" : 0.97
                }
            },
            "S2" : {
                "Probability" : 0.3333333,
                "Profile_kW" : {
                    "00:00" : 1.00,
                    "01:00" : 0.99,
                    "02:00" : 0.91,
                    "03:00" : 0.77,
                    "04:00" : 0.58,
                    "05:00" : 0.36,
                    "06:00" : 0.12,
                    "07:00" : -0.12,
                    "08:00" : -0.34,
                    "09:00" : -0.53,
                    "10:00" : -0.67,
                    "11:00" : -0.75,
                    "12:00" : -0.76,
                    "13:00" : -0.71,
                    "14:00" : -0.59,
                    "15:00" : -0.41,
                    "16:00" : -0.18,
                    "17:00" : 0.08,
                    "18:00" : 0.36,
                    "19:00" : 0.64,
                    "20:00" : 0.90,
                    "21:00" : 1.13,
                    "22:00" : 1.31,
                    "23:00" : 1.43
                }
            },
            "S3" : {
                "Probability" : 0.333333,
                "Profile_kW" : {
                    "00:00" : 1.00,
                    "01:00" : 0.95,
                    "02:00" : 0.83,
                    "03:00" : 0.65,
                    "04:00" : 0.42,
                    "05:00" : 0.16,
                    "06:00" : -0.12,
                    "07:00" : -0.40,
                    "08:00" : -0.66,
                    "09:00" : -0.89,
                    "10:00" : -1.07,
                    "11:00" : -1.19,
                    "12:00" : -1.24,
                    "13:00" : -1.23,
                    "14:00" : -1.15,
                    "15:00" : -1.01,
                    "16:00" : -0.82,
                    "17:00" : -0.60,
                    "18:00" : -0.36,
                    "19:00" : -0.12,
                    "20:00" : 0.10,
                    "21:00" : 0.29,
                    "22:00" : 0.43,
                    "23:00" : 0.51
                }
            }
        }
    },
    "H02" : {
        "Buffer_Energy_kWh" : 2,
        "Buffer_Power_kW" : 2,
        "Scenarios" : {
            "S1" : {
                "Probability" : 0.33,
                "Profile_kW" : {
                    "00:00" : 1.00,
                    "01:00" : 0.97,
                    "02:00" : 0.87,
                    "03:00" : 0.71,
                    "04:00" : 0.50,
                    "05:00" : 0.26,
                    "06:00" : 0.00,
                    "07:00" : -0.26,
                    "08:00" : -0.50,
                    "09:00" : -0.71,
                    "10:00" : -0.87,
                    "11:00" : -0.97,
                    "12:00" : -1.00,
                    "13:00" : -0.97,
                    "14:00" : -0.87,
                    "15:00" : -0.71,
                    "16:00" : -0.50,
                    "17:00" : -0.26,
                    "18:00" : 0.00,
                    "19:00" : 0.26,
                    "20:00" : 0.50,
                    "21:00" : 0.71,
                    "22:00" : 0.87,
                    "23:00" : 0.97
                }
            },
            "S2" : {
                "Probability" : 0.33,
                "Profile_kW" : {
                    "00:00" : 1.00,
                    "01:00" : 0.99,
                    "02:00" : 0.91,
                    "03:00" : 0.77,
                    "04:00" : 0.58,
                    "05:00" : 0.36,
                    "06:00" : 0.12,
                    "07:00" : -0.12,
                    "08:00" : -0.34,
                    "09:00" : -0.53,
                    "10:00" : -0.67,
                    "11:00" : -0.75,
                    "12:00" : -0.76,
                    "13:00" : -0.71,
                    "14:00" : -0.59,
                    "15:00" : -0.41,
                    "16:00" : -0.18,
                    "17:00" : 0.08,
                    "18:00" : 0.36,
                    "19:00" : 0.64,
                    "20:00" : 0.90,
                    "21:00" : 1.13,
                    "22:00" : 1.31,
                    "23:00" : 1.43
                }
            },
            "S3" : {
                "Probability" : 0.33,
                "Profile_kW" : {
                    "00:00" : 1.00,
                    "01:00" : 0.95,
                    "02:00" : 0.83,
                    "03:00" : 0.65,
                    "04:00" : 0.42,
                    "05:00" : 0.16,
                    "06:00" : -0.12,
                    "07:00" : -0.40,
                    "08:00" : -0.66,
                    "09:00" : -0.89,
                    "10:00" : -1.07,
                    "11:00" : -1.19,
                    "12:00" : -1.24,
                    "13:00" : -1.23,
                    "14:00" : -1.15,
                    "15:00" : -1.01,
                    "16:00" : -0.82,
                    "17:00" : -0.60,
                    "18:00" : -0.36,
                    "19:00" : -0.12,
                    "20:00" : 0.10,
                    "21:00" : 0.29,
                    "22:00" : 0.43,
                    "23:00" : 0.51
                }
            }
        }
    },
    "H03" : {
        "Buffer_Energy_kWh" : 1,
        "Buffer_Power_kW" : 1,
        "Scenarios" : {
            "S1" : {
                "Probability" : 0.33,
                "Profile_kW" : {
                    "00:00" : 1.00,
                    "01:00" : 0.97,
                    "02:00" : 0.87,
                    "03:00" : 0.71,
                    "04:00" : 0.50,
                    "05:00" : 0.26,
                    "06:00" : 0.00,
                    "07:00" : -0.26,
                    "08:00" : -0.50,
                    "09:00" : -0.71,
                    "10:00" : -0.87,
                    "11:00" : -0.97,
                    "12:00" : -1.00,
                    "13:00" : -0.97,
                    "14:00" : -0.87,
                    "15:00" : -0.71,
                    "16:00" : -0.50,
                    "17:00" : -0.26,
                    "18:00" : 0.00,
                    "19:00" : 0.26,
                    "20:00" : 0.50,
                    "21:00" : 0.71,
                    "22:00" : 0.87,
                    "23:00" : 0.97
                }
            },
            "S2" : {
                "Probability" : 0.33,
                "Profile_kW" : {
                    "00:00" : 1.00,
                    "01:00" : 0.99,
                    "02:00" : 0.91,
                    "03:00" : 0.77,
                    "04:00" : 0.58,
                    "05:00" : 0.36,
                    "06:00" : 0.12,
                    "07:00" : -0.12,
                    "08:00" : -0.34,
                    "09:00" : -0.53,
                    "10:00" : -0.67,
                    "11:00" : -0.75,
                    "12:00" : -0.76,
                    "13:00" : -0.71,
                    "14:00" : -0.59,